"STATION","DATE","LATITUDE","LONGITUDE","ELEVATION","NAME","CLDD","CLDD_ATTRIBUTES","DP01","DP01_ATTRIBUTES","DP10","DP10_ATTRIBUTES","DP1X","DP1X_ATTRIBUTES","DSND","DSND_ATTRIBUTES","DT00","DT00_ATTRIBUTES","DT32","DT32_ATTRIBUTES","DX32","DX32_ATTRIBUTES","DX70","DX70_ATTRIBUTES","DX90","DX90_ATTRIBUTES","DYNT","DYNT_ATTRIBUTES","DYSD","DYSD_ATTRIBUTES","DYXP","DYXP_ATTRIBUTES","DYXT","DYXT_ATTRIBUTES","EMNT","EMNT_ATTRIBUTES","EMSD","EMSD_ATTRIBUTES","EMXP","EMXP_ATTRIBUTES","EMXT","EMXT_ATTRIBUTES","HDSD","HDSD_ATTRIBUTES","HTDD","HTDD_ATTRIBUTES","PRCP","PRCP_ATTRIBUTES","TAVG","TAVG_ATTRIBUTES","TMAX","TMAX_ATTRIBUTES","TMIN","TMIN_ATTRIBUTES"
"AYM00089592","1979-11","-66.55","93.017","40.0","MIRNYJ, AY","","","5","5,S","1","5,S","0","5,S","","","","","","","","","","","","","","","","","19791114",",5,S","","","","","","","7.9","5,,S,14,","","","","","","","13.4","5,,,S","","","","","",""
"AYM00089592","1981-03","-66.55","93.017","40.0","MIRNYJ, AY","","","5","5,S","0","5,S","0","5,S","","","","","","","","","","","","","","","","","19810309","+,5,S","","","","","","","1.0","5,,S,09,+","","","","","","","3.1","5,,,S","","","","","",""
"AYM00089592","1981-08","-66.55","93.017","40.0","MIRNYJ, AY","","","6","4,S","3","4,S","0","4,S","","","","","","","","","","","","","","","","","19810814",",4,S","","","","","","","7.1","4,,S,14,","","","","","","","19.7","4,,,S","","","","","",""
"AYM00089592","1988-03","-66.55","93.017","40.0","MIRNYJ, AY","","","","","","","","","30","1,","","","","","","","","","","","","","19880329",",1,S","","","","","","","1161","1,,S,29,","","","","","","","","","","","","","","","",""
"AYM00089592","1988-05","-66.55","93.017","40.0","MIRNYJ, AY","","","","","","","","","27","4,","","","","","","","","","","","","","19880519",",4,S","","","","","","","310","4,,S,19,","","","","","","","","","","","","","","","",""
"AYM00089592","1988-06","-66.55","93.017","40.0","MIRNYJ, AY","","","","","","","","","27","3,","","","","","","","","","","","","","19880629","+,3,S","","","","","","","160","3,,S,29,+","","","","","","","","","","","","","","","",""
"AYM00089592","1988-07","-66.55","93.017","40.0","MIRNYJ, AY","","","","","","","","","29","2,","","","","","","","","","","","","","19880702","+,2,S","","","","","","","150","2,,S,02,+","","","","","","","","","","","","","","","",""
"AYM00089592","1988-09","-66.55","93.017","40.0","MIRNYJ, AY","","","","","","","","","27","3,","","","","","","","","","","","","","19880910",",3,S","","","","","","","180","3,,S,10,","","","","","","","","","","","","","","","",""
"AYM00089592","1988-12","-66.55","93.017","40.0","MIRNYJ, AY","","","","","","","","","23","5,","","","","","","","","","","","","","19881201",",5,S","","","","","","","140","5,,S,01,","","","","","","","","","","","","","","","",""
"AYM00089592","1989-02","-66.55","93.017","40.0","MIRNYJ, AY","","","","","","","","","26","2,","","","","","","","","","","","","","19890223","+,2,S","","","","","","","300","2,,S,23,+","","","","","","","","","","","","","","","",""
"AYM00089592","1989-05","-66.55","93.017","40.0","MIRNYJ, AY","","","","","","","","","26","5,","","","","","","","","","","","","","19890520",",5,S","","","","","","","399","5,,S,20,","","","","","","","","","","","","","","","",""
"AYM00089592","1989-06","-66.55","93.017","40.0","MIRNYJ, AY","","","","","","","","","25","5,","","","","","","","","","","","","","19890612",",5,S","","","","","","","521","5,,S,12,","","","","","","","","","","","","","","","",""
"AYM00089592","1990-08","-66.55","93.017","40.0","MIRNYJ, AY","","","","","","","","","27","4,","","","","","","","","","","","","","19900825","+,4,S","","","","","","","1011","4,,S,25,+","","","","","","","","","","","","","","","",""
"AYM00089592","1990-09","-66.55","93.017","40.0","MIRNYJ, AY","","","","","","","","","27","3,","","","","","","","","","","","","","19900914","+,3,S","","","","","","","1021","3,,S,14,+","","","","","","","","","","","","","","","",""
"AYM00089592","1990-10","-66.55","93.017","40.0","MIRNYJ, AY","","","","","","","","","29","2,","","","","","","","","","","","","","19901031","+,2,S","","","","","","","1039","2,,S,31,+","","","","","","","","","","","","","","","",""
"AYM00089592","1990-11","-66.55","93.017","40.0","MIRNYJ, AY","","","","","","","","","25","5,","","","","","","","","","","","","","19901124",",5,S","","","","","","","991","5,,S,24,","","","","","","","","","","","","","","","",""
"AYM00089592","1990-12","-66.55","93.017","40.0","MIRNYJ, AY","","","","","","","","","30","1,","","","","","","","","","","","","","19901213",",1,S","","","","","","","1209","1,,S,13,","","","","","","","","","","","","","","","",""
"AYM00089592","1991-02","-66.55","93.017","40.0","MIRNYJ, AY","","","","","","","","","23","5,","","","","","","","","","","","","","19910218",",5,S","","","","","","","970","5,,S,18,","","","","","","","","","","","","","","","",""
"AYM00089592","1991-09","-66.55","93.017","40.0","MIRNYJ, AY","","","","","","","","","25","5,","","","","","","","","","","","","","19910930","+,5,S","","","","","","","991","5,,S,30,+","","","","","","","","","","","","","","","",""
"AYM00089592","1991-10","-66.55","93.017","40.0","MIRNYJ, AY","","","","","","","","","27","4,","","","","","","","","","","","","","19911022","+,4,S","","","","","","","889","4,,S,22,+","","","","","","","","","","","","","","","",""
"AYM00089592","2012-09","-66.55","93.017","40.0","MIRNYJ, AY","","","8",",S","1",",S","0",",S","","","","","","","25","5,S","0","5,S","0","5,S","","","","","20120919",",,S","20120920","+,5,S","","","","","3.8",",,S,19,","-7.3","5,S,20,+","","","","","11.5",",,,S","","","-14.16","5,,,S","",""
"AYM00089592","2012-10","-66.55","93.017","40.0","MIRNYJ, AY","","","13",",S","5",",S","0",",S","","","","","","","27","4,S","0","4,S","0","4,S","","","","","20121014",",,S","20121028",",4,S","","","","","5.1",",,S,14,","-4.4","4,S,28,","","","","","29.8",",,,S","","","-8.39","4,,,S","",""
"AYM00089592","2012-11","-66.55","93.017","40.0","MIRNYJ, AY","","","7",",S","3",",S","0",",S","","","","","","","24","2,S","0","2,S","0","2,S","","","","","20121115",",,S","20121118",",2,S","","","","","4.1",",,S,15,","1.3","2,S,18,","","","","","13.1",",,,S","","","-3.36","2,,,S","",""
"AYM00089592","2012-12","-66.55","93.017","40.0","MIRNYJ, AY","","","0",",S","0",",S","0",",S","","","","","","","12",",S","0",",S","0",",S","","","","","20121231","+,,S","20121220",",,S","","","","","0.0",",,S,31,+","8.7",",S,20,","","","","","0.0",",,,S","","","1.06",",,,S","",""
"AYM00089592","2013-01","-66.55","93.017","40.0","MIRNYJ, AY","","","2","5,S","0","5,S","0","5,S","","","","","","","","","","","","","","","","","20130131",",5,S","","","","","","","1.3","5,,S,31,","","","","","","","1.6","5,,,S","","","","","",""
"AYM00089592","2013-02","-66.55","93.017","40.0","MIRNYJ, AY","","","6","1,S","0","1,S","0","1,S","","","","","","","23","2,S","0","2,S","0","2,S","","","","","20130222",",1,S","20130203",",2,S","","","","","1.3","1,,S,22,","2.8","2,S,03,","","","","","4.5","1,,,S","","","-2.62","2,,,S","",""
"AYM00089592","2013-03","-66.55","93.017","40.0","MIRNYJ, AY","","","3",",S","0",",S","0",",S","","","","","","","29","2,S","0","2,S","0","2,S","","","","","20130317",",,S","20130312",",2,S","","","","","1.8",",,S,17,","-2.9","2,S,12,","","","","","3.8",",,,S","","","-9.96","2,,,S","",""
"AYM00089592","2013-04","-66.55","93.017","40.0","MIRNYJ, AY","","","6","2,S","0","2,S","0","2,S","","","","","","","","","","","","","","","","","20130423",",2,S","","","","","","","1.5","2,,S,23,","","","","","","","4.6","2,,,S","","","","","",""
"AYM00089592","2013-05","-66.55","93.017","40.0","MIRNYJ, AY","","","14","3,S","4","3,S","0","3,S","","","","","","","","","","","","","","","","","20130516",",3,S","","","","","","","7.9","3,,S,16,","","","","","","","27.1","3,,,S","","","","","",""
"AYM00089592","2013-08","-66.55","93.017","40.0","MIRNYJ, AY","","","9","5,S","3","5,S","0","5,S","","","","","","","","","","","","","","","","","20130808",",5,S","","","","","","","7.1","5,,S,08,","","","","","","","18.0","5,,,S","","","","","",""
"AYM00089592","2013-10","-66.55","93.017","40.0","MIRNYJ, AY","","","8","3,S","5","3,S","0","3,S","","","","","","","29","2,S","0","2,S","0","2,S","","","","","20131013",",3,S","20131014",",2,S","","","","","9.9","3,,S,13,","-3.8","2,S,14,","","","","","37.9","3,,,S","","","-10.32","2,,,S","",""
"AYM00089592","2013-11","-66.55","93.017","40.0","MIRNYJ, AY","","","8","5,S","5","5,S","0","5,S","","","","","","","","","","","","","","","","","20131119",",5,S","","","","","","","7.9","5,,S,19,","","","","","","","29.3","5,,,S","","","","","",""
"AYM00089592","2013-12","-66.55","93.017","40.0","MIRNYJ, AY","","","","","","","","","","","","","","","11","5,S","0","5,S","0","5,S","","","","","","","20131202",",5,S","","","","","","","3.5","5,S,02,","","","","","","","","","0.34","5,,,S","",""
"AYM00089592","2014-01","-66.55","93.017","40.0","MIRNYJ, AY","","","","","","","","","","","","","","","8","3,S","0","3,S","0","3,S","","","","","","","20140101",",3,S","","","","","","","4.7","3,S,01,","","","","","","","","","0.84","3,,,S","",""
"AYM00089592","2014-02","-66.55","93.017","40.0","MIRNYJ, AY","","","7","3,S","2","3,S","0","3,S","","","","","","","","","","","","","","","","","20140219",",3,S","","","","","","","9.9","3,,S,19,","","","","","","","24.7","3,,,S","","","","","",""
"AYM00089592","2014-07","-66.55","93.017","40.0","MIRNYJ, AY","","","6","1,S","1","1,S","0","1,S","","","","","","","","","","","","","","","","","20140720",",1,S","","","","","","","5.1","1,,S,20,","","","","","","","9.3","1,,,S","","","","","",""
"AYM00089592","2014-08","-66.55","93.017","40.0","MIRNYJ, AY","","","11","4,S","9","4,S","0","4,S","","","","","","","","","","","","","","","","","20140810","+,4,S","","","","","","","10.9","4,,S,10,+","","","","","","","64.7","4,,,S","","","","","",""
"AYM00089592","2014-09","-66.55","93.017","40.0","MIRNYJ, AY","","","11","3,S","6","3,S","0","3,S","","","","","","","","","","","","","","","","","20140919",",3,S","","","","","","","14.0","3,,S,19,","","","","","","","50.8","3,,,S","","","","","",""
"AYM00089592","2014-11","-66.55","93.017","40.0","MIRNYJ, AY","","","11","4,S","4","4,S","0","4,S","","","","","","","","","","","","","","","","","20141113",",4,S","","","","","","","17.0","4,,S,13,","","","","","","","42.5","4,,,S","","","","","",""
"AYM00089592","2014-12","-66.55","93.017","40.0","MIRNYJ, AY","","","0","3,S","0","3,S","0","3,S","","","","","","","15","4,S","0","4,S","0","4,S","","","","","20141231","+,3,S","20141219",",4,S","","","","","0.0","3,,S,31,+","2.6","4,S,19,","","","","","0.0","3,,,S","","","-0.41","4,,,S","",""
"AYM00089592","2015-01","-66.55","93.017","40.0","MIRNYJ, AY","","","8",",S","3",",S","0",",S","","","","","","","8","3,S","0","3,S","0","3,S","","","","","20150126",",,S","20150111",",3,S","","","","","9.4",",,S,26,","3.2","3,S,11,","","","","","21.7",",,,S","","","0.44","3,,,S","",""
"AYM00089592","2015-02","-66.55","93.017","40.0","MIRNYJ, AY","","","8","3,S","3","3,S","0","3,S","26","2,","","","","","20","2,S","0","2,S","0","2,S","","","20150208","+,2,S","20150203",",3,S","20150212",",2,S","","","569","2,,S,08,+","10.9","3,,S,03,","3.0","2,S,12,","","","","","25.2","3,,,S","","","-1.62","2,,,S","",""
"AYM00089592","2015-03","-66.55","93.017","40.0","MIRNYJ, AY","","","7","1,S","2","1,S","0","1,S","30","1,","","","","","","","","","","","","","20150327","+,1,S","20150322",",1,S","","","","","579","1,,S,27,+","16.0","1,,S,22,","","","","","","","32.5","1,,,S","","","","","",""
"AYM00089592","2015-04","-66.55","93.017","40.0","MIRNYJ, AY","","","","","","","","","27","3,","","","","","","","","","","","","","20150412",",3,S","","","","","","","610","3,,S,12,","","","","","","","","","","","","","","","",""
"AYM00089592","2015-10","-66.55","93.017","40.0","MIRNYJ, AY","","","","","","","","","27","3,","","","","","","","","","","","","","20151011","+,3,S","","","","","","","511","3,,S,11,+","","","","","","","","","","","","","","","",""
"AYM00089592","2016-03","-66.55","93.017","40.0","MIRNYJ, AY","","","","","","","","","27","4,","","","","","","","","","","","","","20160307","+,4,S","","","","","","","300","4,,S,07,+","","","","","","","","","","","","","","","",""
"AYM00089592","2016-07","-66.55","93.017","40.0","MIRNYJ, AY","","","","","","","","","22","5,","","","","","","","","","","","","","20160718","+,5,S","","","","","","","480","5,,S,18,+","","","","","","","","","","","","","","","",""
"AYM00089592","2016-09","-66.55","93.017","40.0","MIRNYJ, AY","","","","","","","","","21","5,","","","","","","","","","","","","","20160915",",5,S","","","","","","","490","5,,S,15,","","","","","","","","","","","","","","","",""
"AYM00089592","2016-10","-66.55","93.017","40.0","MIRNYJ, AY","","","","","","","","","24","5,","","","","","","","","","","","","","20161031","+,5,S","","","","","","","450","5,,S,31,+","","","","","","","","","","","","","","","",""
"AYM00089592","2016-12","-66.55","93.017","40.0","MIRNYJ, AY","","","","","","","","","","","0","5,","26","5,S","","","","","","","20161203",",5,S","","","","","","","-7.8","5,S,03,","","","","","","","","","","","","","","","","","-3.65","5,,,S"
"AYM00089592","2017-02","-66.55","93.017","40.0","MIRNYJ, AY","","","","","","","","","22","5,","","","","","","","","","","","","","20170227","+,5,S","","","","","","","140","5,,S,27,+","","","","","","","","","","","","","","","",""
"AYM00089592","2017-05","-66.55","93.017","40.0","MIRNYJ, AY","","","","","","","","","22","4,","","","","","","","","","","","","","20170524",",4,S","","","","","","","269","4,,S,24,","","","","","","","","","","","","","","","",""
"AYM00089592","2017-06","-66.55","93.017","40.0","MIRNYJ, AY","","","","","","","","","26","4,","","","","","","","","","","","","","20170605","+,4,S","","","","","","","249","4,,S,05,+","","","","","","","","","","","","","","","",""
"AYM00089592","2017-09","-66.55","93.017","40.0","MIRNYJ, AY","","","","","","","","","23","3,","","","","","","","","","","","","","20170925","+,3,S","","","","","","","371","3,,S,25,+","","","","","","","","","","","","","","","",""
"AYM00089592","2017-12","-66.55","93.017","40.0","MIRNYJ, AY","","","","","","","","","26","4,","","","","","","","","","","","","","20171213","+,4,S","","","","","","","640","4,,S,13,+","","","","","","","","","","","","","","","",""
"AYM00089592","2018-01","-66.55","93.017","40.0","MIRNYJ, AY","","","","","","","","","27","3,","","","","","","","","","","","","","20180102",",3,S","","","","","","","541","3,,S,02,","","","","","","","","","","","","","","","",""
"AYM00089592","2018-02","-66.55","93.017","40.0","MIRNYJ, AY","","","","","","","","","21","5,","","","","","","","","","","","","","20180209",",5,S","","","","","","","429","5,,S,09,","","","","","","","","","","","","","","","",""
"AYM00089592","2018-04","-66.55","93.017","40.0","MIRNYJ, AY","","","","","","","","","22","5,","","","","","","","","","","","","","20180421",",5,S","","","","","","","409","5,,S,21,","","","","","","","","","","","","","","","",""
"AYM00089592","2018-08","-66.55","93.017","40.0","MIRNYJ, AY","","","","","","","","","23","3,","","","","","","","","","","","","","20180806",",3,S","","","","","","","450","3,,S,06,","","","","","","","","","","","","","","","",""
"AYM00089592","2018-10","-66.55","93.017","40.0","MIRNYJ, AY","","","","","","","","","27","2,","","","","","","","","","","","","","20181029",",2,S","","","","","","","480","2,,S,29,","","","","","","","","","","","","","","","",""
"AYM00089592","2019-02","-66.55","93.017","40.0","MIRNYJ, AY","","","","","","","","","18","5,","","","","","","","","","","","","","20190209",",5,S","","","","","","","201","5,,S,09,","","","","","","","","","","","","","","","",""
"AYM00089592","2019-04","-66.55","93.017","40.0","MIRNYJ, AY","","","","","","","","","26","4,","","","","","","","","","","","","","20190414","+,4,S","","","","","","","160","4,,S,14,+","","","","","","","","","","","","","","","",""
"AYM00089592","2019-05","-66.55","93.017","40.0","MIRNYJ, AY","","","","","","","","","25","4,","","","","","","","","","","","","","20190503",",4,S","","","","","","","130","4,,S,03,","","","","","","","","","","","","","","","",""
"AYM00089592","2019-10","-66.55","93.017","40.0","MIRNYJ, AY","","","","","","","","","25","5,","","","","","","","","","","","","","20191003",",5,S","","","","","","","310","5,,S,03,","","","","","","","","","","","","","","","",""
"AYM00089592","2019-11","-66.55","93.017","40.0","MIRNYJ, AY","","","","","","","","","25","4,","","","","","","","","","","","","","20191128","+,4,S","","","","","","","279","4,,S,28,+","","","","","","","","","","","","","","","",""
"AYM00089592","2019-12","-66.55","93.017","40.0","MIRNYJ, AY","","","","","","","","","27","4,","","","","","","","","","","","","","20191202","+,4,S","","","","","","","201","4,,S,02,+","","","","","","","","","","","","","","","",""
"AYM00089592","2020-01","-66.55","93.017","40.0","MIRNYJ, AY","","","","","","","","","29","2,","","","","","","","","","","","","","20200105","+,2,S","","","","","","","89","2,,S,05,+","","","","","","","","","","","","","","","",""
"AYM00089592","2020-04","-66.55","93.017","40.0","MIRNYJ, AY","","","","","","","","","25","4,","","","","","","","","","","","","","20200424",",4,S","","","","","","","180","4,,S,24,","","","","","","","","","","","","","","","",""
"AYM00089592","2021-12","-66.55","93.017","40.0","MIRNYJ, AY","","","18","2,S","5","2,S","0","2,S","","","","","","","16","2,S","0","2,S","0","2,S","","","","","20211212","+,2,S","20211210",",2,S","","","","","9.9","2,,S,12,+","3.9","2,S,10,","","","","","50.9","2,,,S","","","-0.11","2,,,S","",""
"AYM00089592","2022-03","-66.55","93.017","40.0","MIRNYJ, AY","","","10","5,S","2","5,S","0","5,S","","","","","","","25","5,S","0","5,S","0","5,S","","","","","20220322",",5,S","20220317",",5,S","","","","","7.1","5,,S,22,","1.2","5,S,17,","","","","","16.3","5,,,S","","","-6.67","5,,,S","",""
"AYM00089592","2022-04","-66.55","93.017","40.0","MIRNYJ, AY","","","11","3,S","8","3,S","0","3,S","","","","","","","","","","","","","","","","","20220425",",3,S","","","","","","","15.0","3,,S,25,","","","","","","","64.8","3,,,S","","","","","",""
"AYM00089592","2022-05","-66.55","93.017","40.0","MIRNYJ, AY","","","18","1,S","14","1,S","0","1,S","","","","","","","","","","","","","","","","","20220519",",1,S","","","","","","","23.1","1,,S,19,","","","","","","","104.3","1,,,S","","","","","",""
"AYM00089592","2022-06","-66.55","93.017","40.0","MIRNYJ, AY","","","13","4,S","7","4,S","0","4,S","","","","","","","","","","","","","","","","","20220611","+,4,S","","","","","","","8.9","4,,S,11,+","","","","","","","56.6","4,,,S","","","","","",""
"AYM00089592","2022-07","-66.55","93.017","40.0","MIRNYJ, AY","","","11","5,S","9","5,S","0","5,S","","","","","","","","","","","","","","","","","20220731",",5,S","","","","","","","24.9","5,,S,31,","","","","","","","94.2","5,,,S","","","","","",""
"AYM00089592","2022-08","-66.55","93.017","40.0","MIRNYJ, AY","","","8","4,S","6","4,S","0","4,S","","","","","","","","","","","","","","","","","20220804",",4,S","","","","","","","24.9","4,,S,04,","","","","","","","53.6","4,,,S","","","","","",""
"AYM00089592","2022-09","-66.55","93.017","40.0","MIRNYJ, AY","","","13","5,S","8","5,S","0","5,S","","","","","","","","","","","","","","","","","20220911",",5,S","","","","","","","13.0","5,,S,11,","","","","","","","72.9","5,,,S","","","","","",""
"AYM00089592","2022-11","-66.55","93.017","40.0","MIRNYJ, AY","","","7","3,S","2","3,S","0","3,S","","","","","","","23","4,S","0","4,S","0","4,S","","","","","20221102",",3,S","20221124",",4,S","","","","","7.1","3,,S,02,","2.7","4,S,24,","","","","","15.6","3,,,S","","","-4.02","4,,,S","",""
"AYM00089592","2022-12","-66.55","93.017","40.0","MIRNYJ, AY","","","12","5,S","7","5,S","0","5,S","","","","","","","","","","","","","","","","","20221210",",5,S","","","","","","","20.1","5,,S,10,","","","","","","","71.6","5,,,S","","","","","",""
"AYM00089592","2023-01","-66.55","93.017","40.0","MIRNYJ, AY","","","7","2,S","3","2,S","0","2,S","","","","","","","17","2,S","0","2,S","0","2,S","","","","","20230120","+,2,S","20230114",",2,S","","","","","7.1","2,,S,20,+","6.1","2,S,14,","","","","","22.9","2,,,S","","","0.13","2,,,S","",""
"AYM00089592","2023-02","-66.55","93.017","40.0","MIRNYJ, AY","","","5","4,S","2","4,S","0","4,S","","","","","","","17","5,S","0","5,S","0","5,S","","","","","20230211",",4,S","20230203",",5,S","","","","","3.3","4,,S,11,","2.4","5,S,03,","","","","","8.6","4,,,S","","","-1.74","5,,,S","",""
"AYM00089592","2023-03","-66.55","93.017","40.0","MIRNYJ, AY","","","7","3,S","4","3,S","0","3,S","","","","","","","","","","","","","","","","","20230306",",3,S","","","","","","","22.6","3,,S,06,","","","","","","","44.0","3,,,S","","","","","",""
"AYM00089592","2023-04","-66.55","93.017","40.0","MIRNYJ, AY","","","13","1,S","3","1,S","0","1,S","","","","","","","","","","","","","","","","","20230403",",1,S","","","","","","","7.1","1,,S,03,","","","","","","","26.2","1,,,S","","","","","",""
"AYM00089592","2023-05","-66.55","93.017","40.0","MIRNYJ, AY","","","10","2,S","2","2,S","0","2,S","","","","","","","","","","","","","","","","","20230515",",2,S","","","","","","","7.1","2,,S,15,","","","","","","","19.0","2,,,S","","","","","",""
"AYM00089592","2023-06","-66.55","93.017","40.0","MIRNYJ, AY","","","11","2,S","8","2,S","0","2,S","","","","","","","","","","","","","","","","","20230624",",2,S","","","","","","","22.1","2,,S,24,","","","","","","","108.3","2,,,S","","","","","",""
"AYM00089592","2023-07","-66.55","93.017","40.0","MIRNYJ, AY","","","8","3,S","5","3,S","0","3,S","","","","","","","","","","","","","","","","","20230726","+,3,S","","","","","","","3.0","3,,S,26,+","","","","","","","18.6","3,,,S","","","","","",""
"AYM00089592","2023-08","-66.55","93.017","40.0","MIRNYJ, AY","","","8","3,S","5","3,S","0","3,S","","","","","","","","","","","","","","","","","20230809",",3,S","","","","","","","9.9","3,,S,09,","","","","","","","35.4","3,,,S","","","","","",""
"AYM00089592","2023-09","-66.55","93.017","40.0","MIRNYJ, AY","","","12","4,S","7","4,S","1","4,S","","","","","","","","","","","","","","","","","20230911",",4,S","","","","","","","30.0","4,,S,11,","","","","","","","101.2","4,,,S","","","","","",""
"AYM00089592","2023-10","-66.55","93.017","40.0","MIRNYJ, AY","","","14","3,S","11","3,S","0","3,S","","","","","","","","","","","","","","","","","20231024",",3,S","","","","","","","22.1","3,,S,24,","","","","","","","101.3","3,,,S","","","","","",""
"AYM00089592","2023-11","-66.55","93.017","40.0","MIRNYJ, AY","","","8","4,S","4","4,S","0","4,S","","","","","","","","","","","","","","","","","20231126",",4,S","","","","","","","9.9","4,,S,26,","","","","","","","29.1","4,,,S","","","","","",""
"AYM00089592","2024-01","-66.55","93.017","40.0","MIRNYJ, AY","","","12","3,S","6","3,S","0","3,S","","","","","","","13","5,S","0","5,S","0","5,S","","","","","20240116",",3,S","20240131",",5,S","","","","","11.9","3,,S,16,","6.3","5,S,31,","","","","","53.1","3,,,S","","","0.97","5,,,S","",""
"AYM00089592","2024-02","-66.55","93.017","40.0","MIRNYJ, AY","","","11","3,S","3","3,S","0","3,S","","","","","","","24","5,S","0","5,S","0","5,S","","","","","20240222",",3,S","20240201",",5,S","","","","","8.9","3,,S,22,","-0.8","5,S,01,","","","","","27.3","3,,,S","","","-4.27","5,,,S","",""
"AYM00089592","2024-04","-66.55","93.017","40.0","MIRNYJ, AY","","","14","5,S","8","5,S","0","5,S","","","","","","","","","","","","","","","","","20240410",",5,S","","","","","","","16.0","5,,S,10,","","","","","","","65.4","5,,,S","","","","","",""
"AYM00089592","2024-05","-66.55","93.017","40.0","MIRNYJ, AY","","","14","4,S","8","4,S","0","4,S","","","","","","","","","","","","","","","","","20240525",",4,S","","","","","","","20.1","4,,S,25,","","","","","","","70.0","4,,,S","","","","","",""
"AYM00089592","2024-08","-66.55","93.017","40.0","MIRNYJ, AY","","","11","5,S","7","5,S","0","5,S","","","","","","","","","","","","","","","","","20240817",",5,S","","","","","","","24.9","5,,S,17,","","","","","","","94.3","5,,,S","","","","","",""
"AYM00089592","2024-09","-66.55","93.017","40.0","MIRNYJ, AY","","","10","3,S","4","3,S","0","3,S","","","","","","","25","5,S","0","5,S","0","5,S","","","","","20240915",",3,S","20240925",",5,S","","","","","18.0","3,,S,15,","-9.3","5,S,25,","","","","","48.6","3,,,S","","","-15.39","5,,,S","",""
"AYM00089592","2024-10","-66.55","93.017","40.0","MIRNYJ, AY","","","1","4,S","0","4,S","0","4,S","","","","","","","27","4,S","0","4,S","0","4,S","","","","","20241015",",4,S","20241029",",4,S","","","","","0.8","4,,S,15,","-2.5","4,S,29,","","","","","0.8","4,,,S","","","-9.79","4,,,S","",""
"AYM00089592","2025-01","-66.55","93.017","40.0","MIRNYJ, AY","0.0","5,2","","","","","","","","","0","5,2","22","5,2","14","5,2","0","5,2","0","5,2","20250130",",5,2","","","","","20250118",",5,2","-8.9","5,2,30,","","","","","4.0","5,2,18,","513.0","2","513.0","5,2","","","-1.40","5,2","0.29","5,,,2","-3.08","5,,,2"
"AYM00089592","2025-03","-66.55","93.017","40.0","MIRNYJ, AY","","","8","4,2","5","4,2","0","4,2","","","","","","","","","","","","","","","","","20250306",",4,2","","","","","","","13.0","4,,2,06,","","","","","","","36.5","4,,,2","","","","","",""
"AYM00089592","2025-04","-66.55","93.017","40.0","MIRNYJ, AY","","","7","2,2","6","2,2","0","2,2","","","","","","","","","","","","","","","","","20250418",",2,2","","","","","","","11.0","2,,2,18,","","","","","","","38.5","2,,,2","","","","","",""
"AYM00089592","2025-05","-66.55","93.017","40.0","MIRNYJ, AY","","","6","1,2","2","1,2","0","1,2","","","","","","","","","","","","","","","","","20250524","+,1,2","","","","","","","8.0","1,,2,24,+","","","","","","","20.3","1,,,2","","","","","",""
"AYM00089592","2025-06","-66.55","93.017","40.0","MIRNYJ, AY","","","16","3,2","9","3,2","0","3,2","","","","","","","","","","","","","","","","","20250617",",3,2","","","","","","","13.0","3,,2,17,","","","","","","","68.8","3,,,2","","","","","",""
"AYM00089592","2025-07","-66.55","93.017","40.0","MIRNYJ, AY","","","6","4,2","2","4,2","0","4,2","","","","","","","","","","","","","","","","","20250702",",4,2","","","","","","","12.0","4,,2,02,","","","","","","","23.3","4,,,2","","","","","",""
"AYM00089592","2025-08","-66.55","93.017","40.0","MIRNYJ, AY","","","12","3,2","1","3,2","0","3,2","","","19","5,2","26","5,2","26","5,2","0","5,2","0","5,2","20250803",",5,2","","","20250809",",3,2","20250807",",5,2","-27.4","5,2,03,","","","3.7","3,,2,09,","-5.7","5,2,07,","","","","","14.3","3,,,2","-16.98","7,2","-14.55","5,,,2","-19.41","5,,,2"
"AYM00089592","2025-09","-66.55","93.017","40.0","MIRNYJ, AY","","","8","4,2","6","4,2","0","4,2","","","","","","","","","","","","","","","","","20250905",",4,2","","","","","","","12.0","4,,2,05,","","","","","","","44.7","4,,,2","","","","","",""
"AYM00089592","2025-10","-66.55","93.017","40.0","MIRNYJ, AY","0.0","4,2","13","2,2","6","2,2","0","2,2","","","2","4,2","27","4,2","27","4,2","0","4,2","0","4,2","20251002",",4,2","","","20251026",",2,2","20251027",",4,2","-23.1","4,2,02,","","","16.0","2,,2,26,","-2.3","4,2,27,","","","731.6","4,2","52.8","2,,,2","-8.76","4,2","-6.64","4,,,2","-10.88","4,,,2"
"AYM00089592","2025-11","-66.55","93.017","40.0","MIRNYJ, AY","0.0","2,2","15","2,2","10","2,2","0","2,2","","","0","2,2","28","2,2","27","2,2","0","2,2","0","2,2","20251109",",2,2","","","20251125",",2,2","20251129",",2,2","-13.9","2,2,09,","","","13.0","2,,2,25,","0.6","2,2,29,","","","666.9","2,2","84.9","2,,,2","-5.48","2,2","-3.65","2,,,2","-7.31","2,,,2"
"AYM00089592","2025-12","-66.55","93.017","40.0","MIRNYJ, AY","0.0","4,2","4","4,2","0","4,2","0","4,2","","","0","4,2","26","4,2","13","4,2","0","4,2","0","4,2","20251203",",4,2","","","20251227",",4,2","20251224",",4,2","-7.2","4,2,03,","","","1.6","4,,2,27,","3.7","4,2,24,","","","541.3","4,2","3.7","4,,,2","-1.72","4,2","-0.04","4,,,2","-3.39","4,,,2"
"AYM00089592","2026-01","-66.55","93.017","40.0","MIRNYJ, AY","0.0","1,2","11","2,2","4","2,2","0","2,2","","","0","1,2","28","1,2","13","1,2","0","1,2","0","1,2","20260117",",1,2","","","20260109",",2,2","20260126",",1,2","-9.3","1,2,17,","","","13.0","2,,2,09,","2.6","1,2,26,","592.1","","592.1","1,2","35.7","2,,,2","-1.41","1,2","0.30","1,,,2","-3.11","1,,,2"
"AYM00089592","2026-02","-66.55","93.017","40.0","MIRNYJ, AY","0.0","5,2","5",",2","1",",2","0",",2","","","0","4,2","24","4,2","23","4,2","0","4,2","0","4,2","20260213",",4,2","","","20260205",",,2","20260226",",4,2","-13.1","4,2,13,","","","3.0",",,2,05,","1.5","4,2,26,","1141.6","","549.5","4,2","10.9",",,,2","-5.51","5,2","-2.77","4,,,2","-8.26","4,,,2"
"AYM00089592","2026-03","-66.55","93.017","40.0","MIRNYJ, AY","","","5","5,2","3","5,2","0","5,2","","","","","","","","","","","","","","","","","20260322",",5,2","","","","","","","14.0","5,,2,22,","","","","","","","32.4","5,,,2","","","","","",""
"AYM00089592","2026-04","-66.55","93.017","40.0","MIRNYJ, AY","","","","","","","","","","","1","4,2","26","4,2","26","4,2","0","4,2","0","4,2","20260429",",4,2","","","","","20260410",",4,2","-18.6","4,2,29,","","","","","-3.5","4,2,10,","","","","","","","-9.81","7,2","-7.61","4,,,2","-12.00","4,,,2"
