route_id,seq,lat,lon
hwy1,0,-79.448,-126.108
hwy1,1,-78.277,-119.453
hwy1,2,-76.797,-109.378
hwy1,3,-76.355,-98.266
hwy1,4,-75.765,-79.822
hwy1,5,-74.178,-76.787
hwy1,6,-73.336,-67.727
hwy1,7,-71.877,-66.502
hwy1,8,-69.127,-67.424
hwy1,9,-66.596,-66.439
hwy1,10,-65.007,-62.967
hwy1,11,-63.730,-57.521
hwy7,0,-78.198,-34.707
hwy7,1,-76.476,-27.172
hwy7,2,-75.156,-15.821
hwy7,3,-73.434,-13.194
hwy7,4,-71.859,-7.600
hwy7,5,-70.969,11.024
hwy7,6,-71.096,13.127
hwy7ext,0,-69.889,37.039
hwy7ext,1,-70.238,32.849
hwy7ext,2,-71.396,26.862
hwy7ext,3,-71.067,19.280
hwy7ext,4,-71.207,12.919
hwy59,0,-84.848,16.573
hwy59,1,-83.857,13.733
hwy59,2,-81.038,3.131
hwy59,3,-80.404,-1.032
hwy59,4,-79.767,-13.695
hwy59,5,-78.957,-18.239
hwy59,6,-77.957,-19.993
hwy59,7,-75.965,-17.926
hwy175,0,-76.034,143.740
hwy175,1,-77.919,140.470
hwy175,2,-81.316,138.912
hwy175,3,-82.316,123.118
hwy175,4,-84.516,125.573
hwy175,5,-85.836,111.239
hwy175,6,-87.446,88.376
hwy175,7,-87.395,78.002
hwy22,0,-79.594,-129.284
hwy22,1,-81.758,-103.404
hwy22,2,-83.176,-89.419
hwy22,3,-83.709,-85.041
hwy22,4,-85.228,-78.693
hwy22,5,-86.198,-47.888
hwy22,6,-86.841,-38.713
hwy22,7,-89.859,7.542
hwy22,8,-88.098,85.191
hwy22,9,-87.648,74.403
hwy22,10,-87.010,51.703
hwy22,11,-86.094,17.908
hwy22,12,-85.467,15.274
hwy22,13,-84.758,19.512
hwy22,14,-84.225,38.955
hwy22,15,-80.946,59.988
hwy22,16,-80.149,59.489
hwy22,17,-79.362,53.615
hwy22,18,-78.638,53.357
hwy22,19,-78.029,55.464
hwy22,20,-77.773,59.360
hwy22,21,-76.623,60.379
hwy22,22,-75.972,67.322
hwy22,23,-74.566,67.219
hwy22,24,-72.534,70.272
hwy4,0,-72.807,68.297
hwy4,1,-71.663,66.256
hwy4,2,-70.651,67.554
hwy4,3,-69.735,66.631
hwy4,4,-68.574,67.421
hwy4,5,-67.866,64.263
hwy4,6,-67.809,53.193
hwy4,7,-68.420,51.341
hwy4,8,-68.190,44.705
hwy4,9,-69.146,39.665
hwy110,0,-75.178,122.408
hwy110,1,-73.328,114.370
hwy110,2,-72.239,112.722
hwy110,3,-70.200,113.063
hwy110,4,-69.112,111.735
hwy110,5,-68.290,106.165
hwy110,6,-68.159,102.785
hwy110,7,-68.562,100.005
hwy110,8,-68.029,98.268
hwy110,9,-67.080,98.827
hwy110,10,-66.605,95.883
hwy110,11,-66.657,90.433
hwy110,12,-67.601,82.880
hwy110,13,-70.176,73.500
hwy110,14,-72.818,69.278
hwy183,0,-66.791,138.499
hwy183,1,-67.084,139.374
hwy183,2,-67.117,142.848
hwy183,3,-67.960,143.872
hwy183,4,-68.622,146.503
hwy183,5,-68.867,151.615
hwy183,6,-69.274,153.886
hwy183,7,-71.192,156.658
hwy183,8,-74.017,158.845
hwy183,9,-75.457,154.666
hwy183,10,-75.959,143.962
hwy183,11,-75.677,140.572
hwy183,12,-75.759,134.753
hwy183,13,-74.444,132.294
hwy183,14,-74.206,129.690
hwy183,15,-75.277,121.799
hwy2,0,-66.791,138.499
hwy2,1,-67.324,137.603
hwy2,2,-66.870,130.887
hwy2,3,-67.428,126.955
hwy2,4,-67.027,122.785
hwy2,5,-67.709,116.485
hwy2,6,-67.319,113.127
hwy2,7,-66.328,110.841
hwy2,8,-67.897,108.627
hwy2,9,-68.069,107.255
hwy37,0,-74.589,123.878
hwy37,1,-74.845,122.424
hwy37,2,-75.865,121.535
hwy37,3,-76.370,118.750
hwy37,4,-75.735,108.711
hwy37,5,-78.100,105.610
hwy37,6,-80.167,108.588
hwy37,7,-81.020,102.985
hwy37,8,-80.380,95.279
hwy37,9,-80.696,86.241
hwy37,10,-80.151,81.492
hwy37,11,-79.200,78.172
hwy37,12,-77.324,78.576
hwy37,13,-76.556,76.362
hwy37,14,-75.962,72.991
hwy37,15,-75.269,63.693
hwy37,16,-75.580,59.729
hwy37,17,-77.402,50.045
hwy37,18,-77.322,42.234
hwy37,19,-76.125,40.785
hwy37,20,-75.040,43.327
hwy37,21,-72.246,44.987
hwy37,22,-70.217,38.829
