line_id,kind,highway_id,seq,lat,lon
hwy1,main,hwy1,0,-63.4000,-56.9833
hwy1,main,hwy1,1,-64.2333,-56.6167
hwy1,main,hwy1,2,-63.4000,-56.9833
hwy1,main,hwy1,3,-65.0070,-62.9670
hwy1,main,hwy1,4,-66.5960,-66.4390
hwy1,main,hwy1,5,-69.1270,-67.4240
hwy1,main,hwy1,6,-71.8770,-66.5020
hwy1,main,hwy1,7,-73.3360,-67.7270
hwy1,main,hwy1,8,-74.1780,-76.7870
hwy1,main,hwy1,9,-75.7650,-79.8220
hwy1,main,hwy1,10,-76.3550,-98.2660
hwy1,main,hwy1,11,-76.7970,-109.3780
hwy1,main,hwy1,12,-78.2770,-119.4530
hwy1,main,hwy1,13,-80.0167,-119.5167
hwy1,main,hwy1,14,-80.0167,-119.5167
hwy2,main,hwy2,0,-66.2667,110.5333
hwy2,main,hwy2,1,-66.2667,110.5333
hwy2,main,hwy2,2,-66.3280,110.8410
hwy2,main,hwy2,3,-67.3190,113.1270
hwy2,main,hwy2,4,-67.7090,116.4850
hwy2,main,hwy2,5,-67.0270,122.7850
hwy2,main,hwy2,6,-67.4280,126.9550
hwy2,main,hwy2,7,-66.8700,130.8870
hwy2,main,hwy2,8,-67.3240,137.6030
hwy2,main,hwy2,9,-66.6667,140.0167
hwy2,main,hwy2,10,-66.6667,140.0167
hwy4,main,hwy4,0,-69.7540,38.5237
hwy4,main,hwy4,1,-69.7540,38.5237
hwy4,main,hwy4,2,-68.1900,44.7050
hwy4,main,hwy4,3,-68.4200,51.3410
hwy4,main,hwy4,4,-67.8090,53.1930
hwy4,main,hwy4,5,-67.6000,62.8833
hwy4,main,hwy4,6,-68.1460,68.3600
hwy4,main,hwy4,7,-68.4080,69.1160
hwy4,main,hwy4,8,-70.2330,66.8070
hwy4,main,hwy4,9,-70.9430,68.0180
hwy4,main,hwy4,10,-72.9840,65.7090
hwy4,main,hwy4,11,-73.2690,66.0850
hwy4,main,hwy4,12,-73.4120,67.2400
hwy4,main,hwy4,13,-71.8190,71.5580
hwy4,main,hwy4,14,-70.5900,72.7850
hwy4,main,hwy4,15,-70.2400,73.7660
hwy4,main,hwy4,16,-69.8730,76.2240
hwy4,main,hwy4,17,-69.3667,76.3667
hwy7,main,hwy7,0,-77.8667,-34.6333
hwy7,main,hwy7,1,-77.8667,-34.6333
hwy7,main,hwy7,2,-76.4760,-27.1720
hwy7,main,hwy7,3,-75.1560,-15.8210
hwy7,main,hwy7,4,-73.4340,-13.1940
hwy7,main,hwy7,5,-73.0500,-13.4167
hwy7,main,hwy7,6,-71.8590,-7.6000
hwy7,main,hwy7,7,-71.6667,-2.8500
hwy7,main,hwy7,8,-72.0167,2.5333
hwy7,main,hwy7,9,-70.9690,11.0240
hwy7,main,hwy7,10,-70.7667,11.7333
hwy7,main,hwy7,11,-70.7667,11.7333
hwy7ext,main,hwy7ext,0,-70.7667,11.7333
hwy7ext,main,hwy7ext,1,-70.7667,11.7333
hwy7ext,main,hwy7ext,2,-71.0670,19.2800
hwy7ext,main,hwy7ext,3,-71.9500,23.3500
hwy7ext,main,hwy7ext,4,-71.3960,26.8620
hwy7ext,main,hwy7ext,5,-70.2380,32.8490
hwy7ext,main,hwy7ext,6,-69.7540,38.5237
hwy7ext,main,hwy7ext,7,-69.7540,38.5237
hwy22,main,hwy22,0,-80.0167,-119.5167
hwy22,main,hwy22,1,-80.0167,-119.5167
hwy22,main,hwy22,2,-81.7580,-103.4040
hwy22,main,hwy22,3,-83.1760,-89.4190
hwy22,main,hwy22,4,-83.7090,-85.0410
hwy22,main,hwy22,5,-85.2280,-78.6930
hwy22,main,hwy22,6,-86.1980,-47.8880
hwy22,main,hwy22,7,-86.8410,-38.7130
hwy22,main,hwy22,8,-89.8590,7.5420
hwy22,main,hwy22,9,-90.0000,0.0000
hwy22,main,hwy22,10,-88.0980,85.1910
hwy22,main,hwy22,11,-87.6480,74.4030
hwy22,main,hwy22,12,-87.0100,51.7030
hwy22,main,hwy22,13,-86.0940,17.9080
hwy22,main,hwy22,14,-85.4670,15.2740
hwy22,main,hwy22,15,-84.7580,19.5120
hwy22,main,hwy22,16,-84.2250,38.9550
hwy22,main,hwy22,17,-80.9460,59.9880
hwy22,main,hwy22,18,-80.1490,59.4890
hwy22,main,hwy22,19,-79.3620,53.6150
hwy22,main,hwy22,20,-78.6380,53.3570
hwy22,main,hwy22,21,-78.0290,55.4640
hwy22,main,hwy22,22,-77.7730,59.3600
hwy22,main,hwy22,23,-76.6230,60.3790
hwy22,main,hwy22,24,-75.9720,67.3220
hwy22,main,hwy22,25,-74.5660,67.2190
hwy22,main,hwy22,26,-69.3667,76.3667
hwy37,main,hwy37,0,-69.7540,38.5237
hwy37,main,hwy37,1,-69.7540,38.5237
hwy37,main,hwy37,2,-72.2460,44.9870
hwy37,main,hwy37,3,-75.0400,43.3270
hwy37,main,hwy37,4,-76.1250,40.7850
hwy37,main,hwy37,5,-77.3167,39.7000
hwy37,main,hwy37,6,-77.3220,42.2340
hwy37,main,hwy37,7,-77.4020,50.0450
hwy37,main,hwy37,8,-75.5800,59.7290
hwy37,main,hwy37,9,-75.2690,63.6930
hwy37,main,hwy37,10,-75.9620,72.9910
hwy37,main,hwy37,11,-76.5560,76.3620
hwy37,main,hwy37,12,-77.3240,78.5760
hwy37,main,hwy37,13,-79.2000,78.1720
hwy37,main,hwy37,14,-80.4167,77.1167
hwy37,main,hwy37,15,-80.1510,81.4920
hwy37,main,hwy37,16,-80.6960,86.2410
hwy37,main,hwy37,17,-80.3800,95.2790
hwy37,main,hwy37,18,-81.0200,102.9850
hwy37,main,hwy37,19,-80.1670,108.5880
hwy37,main,hwy37,20,-78.4667,106.8667
hwy37,main,hwy37,21,-78.1000,105.6100
hwy37,main,hwy37,22,-75.7350,108.7110
hwy37,main,hwy37,23,-76.3700,118.7500
hwy37,main,hwy37,24,-75.8650,121.5350
hwy37,main,hwy37,25,-75.1000,123.3333
hwy37,main,hwy37,26,-74.8450,122.4240
hwy37,main,hwy37,27,-75.1000,123.3333
hwy59,main,hwy59,0,-75.5788,-18.7770
hwy59,main,hwy59,1,-77.9570,-19.9930
hwy59,main,hwy59,2,-78.9570,-18.2390
hwy59,main,hwy59,3,-79.7670,-13.6950
hwy59,main,hwy59,4,-80.4040,-1.0320
hwy59,main,hwy59,5,-81.0380,3.1310
hwy59,main,hwy59,6,-83.8570,13.7330
hwy59,main,hwy59,7,-84.9376,18.5641
hwy110,main,hwy110,0,-69.3667,76.3667
hwy110,main,hwy110,1,-68.5833,77.9667
hwy110,main,hwy110,2,-67.6010,82.8800
hwy110,main,hwy110,3,-66.6570,90.4330
hwy110,main,hwy110,4,-66.6050,95.8830
hwy110,main,hwy110,5,-67.0800,98.8270
hwy110,main,hwy110,6,-68.0290,98.2680
hwy110,main,hwy110,7,-68.5620,100.0050
hwy110,main,hwy110,8,-68.1590,102.7850
hwy110,main,hwy110,9,-68.2900,106.1650
hwy110,main,hwy110,10,-66.2667,110.5333
hwy110,main,hwy110,11,-69.1120,111.7350
hwy110,main,hwy110,12,-70.2000,113.0630
hwy110,main,hwy110,13,-72.2390,112.7220
hwy110,main,hwy110,14,-73.3280,114.3700
hwy110,main,hwy110,15,-75.1000,123.3333
hwy110,main,hwy110,16,-75.1000,123.3333
hwy175,main,hwy175,0,-75.9504,143.8470
hwy175,main,hwy175,1,-77.9190,140.4700
hwy175,main,hwy175,2,-81.3160,138.9120
hwy175,main,hwy175,3,-82.3160,123.1180
hwy175,main,hwy175,4,-84.5160,125.5730
hwy175,main,hwy175,5,-85.8360,111.2390
hwy175,main,hwy175,6,-87.4460,88.3760
hwy175,main,hwy175,7,-87.6480,74.4030
hwy183,main,hwy183,0,-75.1000,123.3333
hwy183,main,hwy183,1,-74.2060,129.6900
hwy183,main,hwy183,2,-74.4440,132.2940
hwy183,main,hwy183,3,-75.7590,134.7530
hwy183,main,hwy183,4,-75.6770,140.5720
hwy183,main,hwy183,5,-75.9590,143.9620
hwy183,main,hwy183,6,-75.4570,154.6660
hwy183,main,hwy183,7,-74.0170,158.8450
hwy183,main,hwy183,8,-71.1920,156.6580
hwy183,main,hwy183,9,-69.2740,153.8860
hwy183,main,hwy183,10,-68.8670,151.6150
hwy183,main,hwy183,11,-68.6220,146.5030
hwy183,main,hwy183,12,-67.9600,143.8720
hwy183,main,hwy183,13,-67.1170,142.8480
hwy183,main,hwy183,14,-66.6667,140.0167
hwy183,main,hwy183,15,-67.0840,139.3740
hwy183,main,hwy183,16,-66.6667,140.0167
spur_rothera,spur,hwy1,0,-67.6441,-66.8199
spur_rothera,spur,hwy1,1,-67.5667,-68.1167
spur_puerto_abrigo,spur,hwy1,0,-65.0070,-62.9670
spur_puerto_abrigo,spur,hwy1,1,-64.8167,-63.4833
spur_palmer_city,boat,hwy1,0,-65.0970,-63.1475
spur_palmer_city,boat,hwy1,1,-64.7667,-64.0500
spur_neumayer,spur,hwy7,0,-71.8590,-7.6000
spur_neumayer,spur,hwy7,1,-70.6833,-8.2667
spur_halley,spur,hwy7,0,-76.3211,-25.4118
spur_halley,spur,hwy7,1,-75.5833,-26.5667
spur_relung_panen,spur,hwy110,0,-66.2667,110.5333
spur_relung_panen,spur,hwy110,1,-66.2500,100.7500
spur_janbogo,spur,hwy183,0,-74.0170,158.8450
spur_janbogo,spur,hwy183,1,-74.6167,164.2167
spur_zukelli,spur,hwy183,0,-74.0170,158.8450
spur_zukelli,spur,hwy183,1,-74.6833,164.1167
spur_cape_adare,spur,hwy183,0,-72.6458,157.6928
spur_cape_adare,spur,hwy183,1,-71.2833,170.2333
spur_fort_mcmurdo,spur_dashed,hwy183,0,-75.4570,154.6660
spur_fort_mcmurdo,spur_dashed,hwy183,1,-77.8500,166.6667
spur_scott,spur,hwy183,0,-77.8500,166.6667
spur_scott,spur,hwy183,1,-77.8500,166.7667
spur_temirotkel,spur,hwy4,0,-69.7540,38.5237
spur_temirotkel,spur,hwy4,1,-69.0000,39.5833
