id,dx,dy,ha,text
palmer_city,-18,-8,right,
rothera,-14,-2,right,
esperanza,12,62,left,
marambio,16,0,left,
contrapunto,-44,46,right,
pergamino,-14,-4,right,
signy,16,8,left,
puerto_abrigo,26,4,left,
halley,-16,6,right,
belgrano,14,-14,left,
neumayer,-16,10,right,
sanay,-10,38,center,
troll,16,-20,left,
santa_luce,-14,8,right,
lazar,12,14,left,
utstein,14,10,left,
mawson,18,0,left,
temirotkel,14,12,left,
dome_fuji,-14,-6,right,
mirny,18,0,left,
casey,14,-10,left,
davis,36,-14,left,
zhongshan,28,50,left,
sinheung,58,28,left,
shirayuki,-34,34,right,
ariun_nuur,-14,6,right,
kunlun,-14,-2,right,
relung_panen,16,0,left,
janbogo,26,8,left,
zukelli,26,-14,left,
fort_mcmurdo,-26,18,right,
scott,-28,-4,right,
cape_adare,18,-14,left,
concordia,-14,8,right,
denison,-6,-26,right,
dumont_durville,26,-6,left,
byrd,14,6,left,
amundsen_station,16,-4,left,
